Metric,Value
Sensitivity (Sn),0.3333333333333333
Specificity (Sp),0.7454545454545455
Positive Predictive Value (PPV),0.17647058823529413
Accuracy (ACC),0.6875
F Score,0.23076923076923078
