Metric,Value
Sensitivity (Sn),0.6666666666666666
Specificity (Sp),0.8545454545454545
Positive Predictive Value (PPV),0.42857142857142855
Accuracy (ACC),0.828125
F Score,0.5217391304347826
